Node From,Node To
Walt_Disney,Cartoon
Cartoon,Caricature
Caricature,Cartoon
Caricature,James_Gillray
James_Gillray,Political_cartoon
Political_cartoon,Cartoon
Political_cartoon,Caricature
Political_cartoon,Editorial_cartoonist
Editorial_cartoonist,The_Common_Man
The_Common_Man,Daily_comic_strip
Daily_comic_strip,Comic_strip
Comic_strip,Comics
Comics,Panel_(comics)
Panel_(comics),Comic_strip
Panel_(comics),Comic_book
Comic_book,Comics
Comic_book,Panel_(comics)
Comic_book,Famous_Funnies
Famous_Funnies,Comic_strip
Famous_Funnies,Eastern_Color_Printing
Eastern_Color_Printing,Comic_strip
Eastern_Color_Printing,Sunday_comics
Sunday_comics,Comic_strip
Sunday_comics,The_Sunday_Funnies_(disambiguation)
The_Sunday_Funnies_(disambiguation),The_Sunday_Funnies
The_Sunday_Funnies,Comics
The_Sunday_Funnies,Sunday_comics
The_Sunday_Funnies,Sunday_comics
The_Sunday_Funnies,The_Sunday_Funnies_(disambiguation)
The_Sunday_Funnies,Russ_Cochran_(publisher)
Russ_Cochran_(publisher),EC_Comics
EC_Comics,Tales_from_the_Crypt_(comics)
Tales_from_the_Crypt_(comics),Horror_comics
Horror_comics,Comic_book
Horror_comics,Graphic_novel
Graphic_novel,Comics
Graphic_novel,Comic_book
Graphic_novel,Trade_paperback_(comics)
Trade_paperback_(comics),Comics
Trade_paperback_(comics),American_comic_book
American_comic_book,Comics
American_comic_book,Comic_book
American_comic_book,Action_Comics
Action_Comics,American_comic_book
Action_Comics,Superman
Superman,Superhero
Superhero,Superpower_(ability)
Superpower_(ability),Superhuman
Superhuman,Mutant_(Marvel_Comics)
Mutant_(Marvel_Comics),Marvel_Comics
Marvel_Comics,American_comic_book
Marvel_Comics,Marvel_Entertainment
Marvel_Entertainment,Comic_book
Marvel_Entertainment,Marvel_Comics
Marvel_Entertainment,List_of_films_based_on_Marvel_Comics_publications
List_of_films_based_on_Marvel_Comics_publications,Marvel_Comics
List_of_films_based_on_Marvel_Comics_publications,American_comic_book
List_of_films_based_on_Marvel_Comics_publications,Spider-Man
Spider-Man,Superhero
Spider-Man,American_comic_book
Spider-Man,Stan_Lee
Spider-Man,Marvel_Comics
Stan_Lee,Marvel_Comics
Stan_Lee,Jack_Kirby
Jack_Kirby,Joe_Simon
Joe_Simon,Golden_Age_of_Comic_Books
Golden_Age_of_Comic_Books,American_comic_book
Golden_Age_of_Comic_Books,Comic_book
Golden_Age_of_Comic_Books,Superhero
Golden_Age_of_Comic_Books,Superman
Golden_Age_of_Comic_Books,Batman
Batman,Superhero
Batman,American_comic_book
Batman,DC_Comics
DC_Comics,American_comic_book
DC_Comics,Warner_Bros._Discovery
Warner_Bros._Discovery,Warner_Bros.
Warner_Bros.,Warner_Bros._Discovery
Warner_Bros.,Warner_Bros._Pictures
Warner_Bros._Pictures,Warner_Bros._Discovery
Warner_Bros._Pictures,Warner_Animation_Group
Warner_Animation_Group,Warner_Bros._Pictures
Warner_Animation_Group,Warner_Bros.
Warner_Animation_Group,Warner_Bros._Discovery
Warner_Animation_Group,Warner_Bros._Discovery
Warner_Animation_Group,Warner_Bros._Pictures
Warner_Animation_Group,The_Lego_Movie
The_Lego_Movie,Warner_Animation_Group
The_Lego_Movie,Warner_Bros._Pictures
The_Lego_Movie,List_of_accolades_received_by_The_Lego_Movie
List_of_accolades_received_by_The_Lego_Movie,The_Lego_Movie
List_of_accolades_received_by_The_Lego_Movie,The_Lego_Movie
List_of_accolades_received_by_The_Lego_Movie,The_Lego_Movie
List_of_accolades_received_by_The_Lego_Movie,The_Lego_Movie
List_of_accolades_received_by_The_Lego_Movie,The_Lego_Movie
List_of_accolades_received_by_The_Lego_Movie,The_Lego_Movie
List_of_accolades_received_by_The_Lego_Movie,The_Lego_Movie
List_of_accolades_received_by_The_Lego_Movie,The_Lego_Movie
List_of_accolades_received_by_The_Lego_Movie,The_Lego_Movie
List_of_accolades_received_by_The_Lego_Movie,The_Lego_Movie
List_of_accolades_received_by_The_Lego_Movie,The_Lego_Movie
List_of_accolades_received_by_The_Lego_Movie,The_Lego_Movie
List_of_accolades_received_by_The_Lego_Movie,The_Lego_Movie
List_of_accolades_received_by_The_Lego_Movie,The_Lego_Movie
List_of_accolades_received_by_The_Lego_Movie,The_Lego_Movie
List_of_accolades_received_by_The_Lego_Movie,The_Lego_Movie
List_of_accolades_received_by_The_Lego_Movie,The_Lego_Movie
List_of_accolades_received_by_The_Lego_Movie,The_Lego_Movie
List_of_accolades_received_by_The_Lego_Movie,The_Lego_Movie
List_of_accolades_received_by_The_Lego_Movie,The_Lego_Movie
List_of_accolades_received_by_The_Lego_Movie,The_Lego_Movie
List_of_accolades_received_by_The_Lego_Movie,The_Lego_Movie
List_of_accolades_received_by_The_Lego_Movie,The_Lego_Movie
List_of_accolades_received_by_The_Lego_Movie,The_Lego_Movie
List_of_accolades_received_by_The_Lego_Movie,The_Lego_Movie
List_of_accolades_received_by_The_Lego_Movie,The_Lego_Movie
List_of_accolades_received_by_The_Lego_Movie,The_Lego_Movie
List_of_accolades_received_by_The_Lego_Movie,The_Lego_Movie
List_of_accolades_received_by_The_Lego_Movie,The_Lego_Movie
List_of_accolades_received_by_The_Lego_Movie,The_Lego_Movie
List_of_accolades_received_by_The_Lego_Movie,The_Lego_Movie
List_of_accolades_received_by_The_Lego_Movie,The_Lego_Movie
List_of_accolades_received_by_The_Lego_Movie,The_Lego_Movie
List_of_accolades_received_by_The_Lego_Movie,The_Lego_Movie
List_of_accolades_received_by_The_Lego_Movie,The_Lego_Movie
List_of_accolades_received_by_The_Lego_Movie,The_Lego_Movie
List_of_accolades_received_by_The_Lego_Movie,The_Lego_Movie
List_of_accolades_received_by_The_Lego_Movie,The_Lego_Movie
List_of_accolades_received_by_The_Lego_Movie,Teenage_Mutant_Ninja_Turtles_(2014_film)
Teenage_Mutant_Ninja_Turtles_(2014_film),Superhero_film
Superhero_film,Superhero
Superhero_film,Origin_story
Origin_story,Origin_of_Batman
Origin_of_Batman,Batman
Origin_of_Batman,Thomas_Wayne
Thomas_Wayne,DC_Comics
Thomas_Wayne,Batman
Thomas_Wayne,Martha_Wayne
Martha_Wayne,DC_Comics
Martha_Wayne,Superhero
Martha_Wayne,Batman
Martha_Wayne,Thomas_Wayne
Martha_Wayne,Damian_Wayne
Damian_Wayne,Superhero
Damian_Wayne,DC_Comics
Damian_Wayne,Grant_Morrison
Grant_Morrison,DC_Comics
Grant_Morrison,Animal_Man_(comic_book)
Animal_Man_(comic_book),Ongoing_series
Ongoing_series,Comics
Ongoing_series,Limited_series_(comics)
Limited_series_(comics),Comic_book
Limited_series_(comics),Ongoing_series
Limited_series_(comics),One-shot_(comics)
One-shot_(comics),Comics
One-shot_(comics),Limited_series_(comics)
One-shot_(comics),Ongoing_series
One-shot_(comics),Comic_book
One-shot_(comics),Comic_magazine
Comic_magazine,Comics_anthology
